"id","prediction"
6,"1"
9,"1"
14,"1"
35,"1"
36,"1"
39,"1"
41,"1"
42,"1"
58,"1"
74,"1"
77,"1"
90,"1"
91,"1"
99,"1"
103,"1"
115,"1"
127,"1"
139,"1"
141,"1"
142,"1"
143,"1"
147,"1"
166,"1"
179,"1"
182,"1"
185,"1"
191,"1"
199,"1"
211,"1"
213,"1"
224,"1"
228,"1"
230,"1"
246,"1"
249,"1"
262,"1"
267,"1"
301,"1"
306,"1"
308,"1"
318,"1"
321,"1"
333,"1"
336,"1"
338,"1"
343,"1"
348,"1"
354,"1"
358,"1"
382,"1"
392,"1"
399,"1"
404,"1"
405,"1"
409,"1"
411,"1"
413,"1"
414,"1"
417,"1"
419,"1"
444,"1"
450,"1"
454,"1"
474,"1"
479,"1"
481,"0"
487,"1"
488,"1"
492,"1"
502,"1"
507,"1"
514,"1"
517,"1"
523,"1"
526,"1"
543,"1"
547,"1"
549,"1"
554,"1"
558,"1"
562,"1"
568,"1"
571,"1"
608,"1"
611,"1"
623,"1"
639,"1"
640,"1"
641,"1"
642,"1"
643,"1"
647,"1"
661,"1"
670,"1"
672,"1"
677,"1"
709,"1"
711,"1"
713,"1"
723,"1"
732,"1"
733,"1"
734,"1"
737,"1"
741,"1"
756,"1"
757,"1"
760,"1"
766,"1"
777,"1"
778,"1"
787,"1"
789,"1"
802,"1"
818,"1"
829,"1"
838,"1"
839,"1"
849,"1"
855,"1"
857,"1"
881,"1"
886,"1"
893,"1"
913,"1"
922,"1"
924,"1"
935,"1"
937,"1"
939,"1"
949,"1"
960,"1"
964,"1"
978,"1"
993,"1"
997,"1"
1002,"1"
1003,"1"
1005,"1"
1006,"1"
1011,"1"
1032,"1"
1042,"1"
1066,"1"
1078,"1"
1084,"1"
1091,"1"
1102,"1"
1105,"1"
1109,"1"
1115,"1"
1124,"1"
1128,"1"
1129,"1"
1140,"1"
1146,"1"
1153,"1"
1162,"1"
1194,"1"
1201,"1"
1203,"1"
1207,"1"
1222,"1"
1240,"1"
1243,"1"
1263,"1"
1281,"1"
1284,"1"
1291,"1"
1301,"1"
1307,"1"
1324,"1"
1326,"1"
1331,"1"
1332,"1"
1334,"1"
1335,"1"
1345,"1"
1358,"1"
1374,"1"
1387,"1"
1400,"1"
1410,"1"
1445,"1"
1446,"1"
1453,"1"
1454,"1"
1467,"1"
1471,"1"
1472,"1"
1478,"1"
1491,"1"
1492,"1"
1498,"1"
1500,"1"
1503,"1"
1505,"1"
1510,"1"
1515,"1"
1527,"1"
1537,"1"
1541,"1"
1544,"1"
1545,"1"
1552,"1"
1557,"1"
1562,"1"
1578,"1"
1581,"1"
1587,"1"
1600,"1"
1606,"1"
1610,"1"
1629,"1"
1633,"1"
1643,"1"
1661,"1"
1665,"1"
1678,"1"
1679,"1"
1681,"1"
1706,"1"
1715,"1"
1724,"1"
1736,"1"
1745,"1"
1746,"1"
1766,"1"
1778,"1"
1779,"1"
1786,"1"
1789,"1"
1794,"1"
1832,"1"
1833,"1"
1843,"1"
1875,"1"
1881,"1"
1882,"1"
1887,"1"
1890,"1"
1902,"1"
1903,"1"
1932,"1"
1938,"1"
1942,"1"
1946,"1"
1953,"1"
1954,"1"
1957,"1"
1958,"1"
1965,"1"
1969,"1"
1972,"1"
1976,"1"
1978,"1"
1987,"1"
1989,"1"
2006,"1"
2011,"1"
2015,"1"
2016,"1"
2020,"1"
2024,"1"
2027,"1"
2039,"1"
2041,"1"
2045,"1"
2067,"1"
2069,"1"
2070,"1"
2087,"1"
2089,"1"
2106,"1"
2110,"1"
2132,"1"
2134,"1"
2136,"1"
2148,"1"
2182,"1"
2200,"1"
2224,"1"
2228,"1"
2230,"1"
2231,"1"
2244,"1"
2251,"1"
2253,"1"
2263,"1"
2264,"1"
2268,"1"
2274,"1"
2280,"1"
2281,"1"
2296,"1"
2317,"1"
2338,"1"
2347,"1"
2360,"1"
2388,"1"
2389,"1"
2398,"1"
2401,"1"
2405,"1"
2411,"1"
2434,"1"
2435,"1"
2436,"1"
2445,"1"
2470,"1"
2480,"1"
2491,"1"
2494,"1"
2502,"1"
2512,"1"
2532,"1"
2543,"1"
2549,"1"
2554,"1"
2562,"1"
2590,"1"
2595,"1"
2618,"1"
2621,"1"
2630,"1"
2631,"1"
2639,"1"
2646,"1"
2654,"1"
2663,"1"
2665,"1"
2669,"1"
2677,"1"
2690,"1"
2700,"1"
2705,"1"
2723,"1"
2725,"1"
2739,"1"
2744,"1"
2751,"1"
2752,"1"
2755,"1"
2763,"1"
2768,"1"
2769,"1"
2770,"1"
2775,"1"
2776,"1"
2786,"1"
2787,"1"
2788,"1"
2802,"1"
2816,"1"
2821,"1"
2824,"1"
2832,"1"
2835,"1"
2839,"1"
2841,"1"
2848,"1"
2851,"1"
2854,"1"
2857,"1"
2859,"1"
2862,"1"
2881,"1"
2902,"1"
2905,"1"
2918,"1"
2919,"1"
2924,"1"
2927,"1"
2932,"1"
2934,"1"
2939,"1"
2943,"1"
2945,"1"
2976,"1"
2983,"1"
2994,"1"
2995,"1"
3008,"1"
3018,"1"
3025,"1"
3026,"1"
3030,"1"
3031,"1"
3034,"1"
3043,"1"
3070,"1"
3088,"1"
3091,"1"
3100,"1"
3123,"1"
3149,"1"
3151,"1"
3153,"1"
3158,"1"
3167,"1"
3168,"1"
3170,"1"
3171,"1"
3180,"1"
3181,"1"
3200,"1"
3202,"1"
3207,"1"
3235,"1"
3240,"1"
3242,"1"
3262,"1"
3267,"1"
3299,"1"
3322,"1"
3323,"1"
3335,"1"
3337,"1"
3341,"1"
3348,"1"
3350,"1"
3352,"1"
3355,"1"
3359,"1"
3391,"1"
3392,"1"
3393,"1"
3402,"1"
3406,"1"
3410,"1"
3413,"1"
3426,"1"
3429,"1"
3437,"1"
3439,"1"
3463,"1"
3470,"1"
3475,"1"
3505,"1"
3510,"1"
3525,"1"
3530,"1"
3544,"1"
3546,"1"
3554,"1"
3557,"1"
3565,"1"
3573,"1"
3576,"1"
3578,"1"
3584,"1"
3587,"1"
3608,"1"
3624,"1"
3626,"1"
3640,"1"
3642,"1"
3645,"1"
3646,"1"
3654,"1"
3656,"1"
3657,"1"
3659,"1"
3665,"1"
3675,"1"
3676,"1"
3716,"1"
3729,"1"
3736,"1"
3741,"1"
3743,"1"
3752,"1"
3767,"1"
3776,"1"
3790,"1"
3793,"1"
3794,"1"
3805,"1"
3811,"1"
3829,"1"
3831,"1"
3835,"1"
3839,"1"
3847,"1"
3851,"1"
3853,"1"
3869,"1"
3876,"1"
3877,"1"
3879,"1"
3894,"1"
3900,"1"
3908,"1"
3910,"1"
3918,"1"
3919,"1"
3926,"1"
3929,"1"
3944,"1"
3951,"1"
3954,"1"
3961,"1"
3962,"1"
3967,"1"
3992,"1"
4011,"1"
4016,"1"
4036,"1"
4038,"1"
4042,"1"
4052,"1"
4054,"1"
4083,"1"
4111,"1"
4115,"1"
4119,"1"
4127,"1"
4164,"1"
4165,"1"
4174,"1"
4177,"1"
4178,"1"
4179,"1"
4186,"1"
4215,"1"
4223,"1"
4232,"1"
4234,"1"
4245,"1"
4253,"1"
4271,"1"
4274,"1"
4295,"1"
4307,"1"
4338,"1"
4343,"1"
4361,"1"
4363,"1"
4369,"1"
4383,"1"
4406,"1"
4418,"1"
4421,"1"
4424,"1"
4428,"1"
4450,"1"
4457,"1"
4460,"1"
4468,"1"
4474,"1"
4489,"1"
4494,"1"
4495,"1"
4506,"1"
4508,"1"
4509,"1"
4531,"1"
4538,"1"
4550,"1"
4559,"1"
4571,"1"
4576,"1"
4580,"1"
4597,"1"
4603,"1"
4612,"1"
4618,"1"
4627,"1"
4632,"1"
4645,"1"
4656,"1"
4658,"1"
4661,"1"
4667,"1"
4683,"1"
4688,"1"
4696,"1"
4698,"1"
4700,"1"
4702,"1"
4709,"1"
4712,"1"
4717,"1"
4729,"1"
4754,"1"
4757,"1"
4758,"1"
4760,"1"
4767,"1"
4789,"1"
4818,"1"
4823,"1"
4839,"1"
4842,"1"
4847,"1"
4849,"1"
4862,"1"
4868,"1"
4875,"1"
4882,"1"
4887,"1"
4888,"1"
4892,"1"
4901,"1"
4907,"1"
4913,"1"
4914,"1"
4924,"1"
4925,"1"
4928,"1"
4966,"1"
4968,"1"
4980,"1"
4981,"1"
5012,"1"
5022,"1"
5026,"1"
5042,"1"
5049,"1"
5060,"1"
5067,"1"
5089,"1"
5096,"1"
5098,"1"
5104,"1"
5109,"1"
5126,"1"
5129,"1"
5131,"1"
5133,"1"
5138,"1"
5152,"1"
5153,"1"
5164,"1"
5171,"1"
5177,"1"
5190,"1"
5193,"1"
5194,"1"
5201,"1"
5215,"1"
5219,"1"
5220,"1"
5228,"1"
5235,"1"
5245,"1"
5251,"1"
5263,"1"
5269,"1"
5284,"1"
5294,"1"
5303,"1"
5304,"1"
5312,"1"
5330,"1"
5344,"1"
5347,"1"
5349,"1"
5354,"1"
5359,"1"
5361,"1"
5365,"1"
5374,"1"
5395,"1"
5398,"1"
5415,"1"
5420,"1"
5430,"1"
5431,"1"
5449,"1"
5476,"1"
5490,"1"
5494,"1"
5502,"1"
5508,"1"
5513,"1"
5532,"1"
5535,"1"
5537,"1"
5543,"1"
5544,"1"
5546,"1"
5591,"0"
5594,"1"
5602,"1"
5608,"1"
5631,"1"
5636,"1"
5642,"1"
5645,"1"
5656,"1"
5669,"1"
5670,"1"
5671,"1"
5672,"1"
5708,"1"
5710,"1"
5733,"1"
5757,"1"
5759,"1"
5761,"1"
5767,"1"
5771,"1"
5774,"1"
5777,"1"
5789,"1"
5795,"1"
5799,"1"
5809,"1"
5810,"1"
5815,"1"
5824,"1"
5840,"1"
5855,"1"
5869,"1"
5870,"1"
5899,"1"
5900,"1"
5919,"1"
5923,"1"
5933,"1"
5958,"1"
5986,"1"
5995,"1"
5999,"1"
6011,"1"
6012,"1"
6024,"1"
6051,"1"
6061,"1"
6069,"1"
6070,"1"
6071,"1"
6081,"1"
6092,"1"
6102,"1"
6103,"1"
6125,"1"
6132,"1"
6144,"1"
6145,"1"
6177,"1"
6206,"1"
6207,"1"
6210,"1"
6211,"1"
6238,"1"
6243,"1"
6268,"1"
6275,"1"
6279,"1"
6282,"1"
6285,"1"
6297,"1"
6304,"1"
6307,"1"
6308,"1"
6309,"1"
6318,"1"
6340,"1"
6342,"1"
6349,"1"
6350,"1"
6368,"1"
6404,"1"
6407,"1"
6413,"1"
6421,"1"
6424,"1"
6427,"1"
6434,"1"
6437,"1"
6449,"1"
6451,"1"
6467,"1"
6471,"1"
6484,"1"
6489,"1"
6491,"1"
6494,"1"
6499,"1"
6502,"1"
6520,"1"
6531,"1"
6532,"1"
6534,"1"
6541,"1"
6545,"1"
6550,"1"
6568,"1"
6576,"1"
6589,"1"
6601,"1"
6603,"1"
6607,"1"
6632,"1"
6633,"1"
6634,"1"
6643,"1"
6649,"1"
6652,"1"
6660,"1"
6671,"1"
6674,"1"
6686,"1"
6695,"1"
6712,"1"
6719,"1"
6722,"1"
6744,"1"
6750,"1"
6752,"1"
6778,"1"
6781,"1"
6785,"1"
6799,"1"
6806,"1"
6823,"1"
6836,"1"
6838,"1"
6886,"1"
6912,"1"
6914,"1"
6915,"1"
6921,"1"
6927,"1"
6932,"1"
6933,"1"
6954,"1"
6960,"1"
6966,"1"
6978,"1"
6988,"1"
7004,"1"
7012,"1"
7013,"1"
7015,"1"
7017,"1"
7018,"1"
7024,"1"
7030,"1"
7042,"1"
7046,"1"
7047,"1"
7066,"1"
7082,"1"
7087,"1"
7088,"1"
7092,"1"
7094,"1"
7104,"1"
7109,"1"
7119,"1"
7120,"1"
7161,"1"
7163,"1"
7177,"1"
7187,"1"
7210,"1"
7214,"1"
7226,"1"
7231,"1"
7279,"1"
7286,"1"
7288,"1"
7300,"1"
7302,"1"
7314,"1"
7318,"1"
7319,"1"
7338,"1"
7353,"1"
7360,"1"
7363,"1"
7372,"1"
7378,"1"
7380,"1"
7384,"1"
7392,"1"
7393,"1"
7394,"1"
7408,"1"
7421,"1"
7429,"1"
7430,"1"
7437,"1"
7446,"1"
7448,"1"
7455,"1"
7457,"1"
7458,"1"
7460,"1"
7479,"1"
7526,"1"
7537,"1"
7541,"1"
7542,"1"
7548,"1"
7555,"1"
7564,"1"
7568,"1"
7574,"1"
7584,"1"
7585,"1"
7597,"1"
7601,"1"
7618,"1"
7620,"1"
7628,"1"
7629,"1"
7656,"1"
7657,"1"
7658,"1"
7659,"1"
7660,"1"
7666,"1"
7668,"1"
7701,"1"
7714,"1"
7717,"1"
7724,"1"
7727,"1"
7729,"1"
7750,"1"
7751,"1"
7762,"1"
7821,"1"
7845,"1"
7850,"1"
7851,"1"
7854,"1"
7857,"1"
7867,"1"
7868,"1"
7869,"1"
7872,"1"
7873,"1"
7881,"1"
7882,"1"
7885,"1"
7887,"1"
7891,"1"
7895,"1"
7902,"1"
7904,"1"
7910,"1"
7919,"1"
7925,"1"
7936,"1"
7950,"1"
7976,"1"
7980,"1"
7983,"1"
7986,"1"
8008,"1"
8029,"1"
8031,"1"
8034,"1"
8038,"1"
8053,"1"
8064,"1"
8087,"1"
8088,"1"
8101,"1"
8104,"1"
8115,"1"
8117,"1"
8121,"1"
8122,"1"
8134,"1"
8138,"1"
8140,"1"
8143,"1"
8145,"1"
8156,"1"
8162,"1"
8171,"1"
8172,"1"
8175,"1"
8177,"1"
8182,"1"
8188,"1"
8194,"1"
8211,"1"
8244,"1"
8271,"1"
8283,"1"
8288,"1"
8292,"1"
8295,"1"
8296,"1"
8297,"1"
8298,"1"
8300,"1"
8301,"1"
8308,"1"
8315,"1"
8321,"1"
8325,"1"
8341,"1"
8351,"1"
8357,"1"
8363,"1"
8374,"1"
8375,"1"
8376,"1"
8380,"1"
8382,"1"
8383,"1"
8391,"1"
8392,"1"
8398,"1"
8402,"1"
8414,"1"
8420,"1"
8422,"1"
8439,"1"
8441,"1"
8450,"1"
8461,"1"
8466,"1"
8469,"1"
8478,"1"
8486,"1"
8496,"1"
8502,"1"
8505,"1"
8531,"1"
8537,"1"
8588,"1"
8593,"1"
8596,"1"
8599,"1"
8601,"1"
8633,"1"
8635,"1"
8644,"1"
8650,"1"
8665,"1"
8667,"1"
8674,"1"
8675,"1"
8688,"1"
8689,"1"
8691,"1"
8699,"1"
8702,"1"
8706,"1"
8721,"1"
8726,"1"
8727,"1"
8728,"1"
8729,"1"
8731,"1"
8742,"1"
8747,"1"
8748,"1"
8766,"1"
8777,"1"
8796,"1"
8809,"1"
8826,"1"
8832,"1"
8845,"1"
8858,"1"
8865,"1"
8876,"1"
8887,"1"
8889,"1"
8893,"1"
8923,"1"
8949,"1"
8950,"1"
8951,"1"
8952,"1"
8954,"1"
8955,"1"
8975,"1"
8998,"1"
9006,"1"
9007,"1"
9028,"1"
9029,"1"
9036,"1"
9037,"1"
9041,"1"
9047,"1"
9052,"1"
9065,"1"
9069,"1"
9073,"1"
9108,"1"
9111,"1"
9114,"1"
9119,"1"
9124,"1"
9129,"1"
9146,"1"
9150,"1"
9165,"1"
9168,"1"
9174,"1"
9177,"1"
9189,"1"
9221,"1"
9237,"1"
9242,"1"
9258,"1"
9263,"1"
9275,"1"
9285,"1"
9296,"1"
9297,"1"
9300,"1"
9314,"1"
9315,"1"
9316,"1"
9318,"1"
9319,"1"
9322,"1"
9336,"1"
9344,"1"
9350,"1"
9364,"1"
9379,"1"
9390,"1"
9391,"1"
9399,"1"
9410,"1"
9411,"1"
9416,"1"
9421,"1"
9427,"1"
9449,"1"
9460,"1"
9473,"1"
9489,"1"
9495,"1"
9496,"1"
9509,"1"
9513,"1"
9540,"1"
9562,"1"
9565,"1"
9569,"1"
9576,"1"
9577,"1"
9578,"1"
9583,"1"
9590,"1"
9604,"1"
9613,"1"
9621,"1"
9623,"1"
9628,"1"
9633,"1"
9634,"1"
9639,"1"
9647,"1"
9652,"1"
9681,"1"
9683,"1"
9698,"1"
9701,"1"
9702,"1"
9708,"1"
9710,"1"
9724,"1"
9730,"1"
9731,"1"
9772,"1"
9782,"1"
9787,"1"
9792,"1"
9801,"1"
9815,"1"
9826,"1"
9834,"1"
9844,"1"
9850,"1"
9855,"1"
9857,"1"
9861,"1"
9870,"1"
9885,"1"
9886,"1"
9914,"1"
9919,"1"
9923,"1"
9938,"1"
9945,"1"
9951,"1"
9953,"1"
9957,"1"
9962,"1"
9982,"1"
10002,"1"
10004,"1"
10007,"1"
10009,"1"
10030,"1"
10037,"1"
10063,"1"
10085,"1"
10098,"1"
10113,"1"
10129,"1"
10138,"1"
10140,"1"
10144,"1"
10154,"1"
10164,"1"
10177,"1"
10202,"1"
10212,"1"
10214,"1"
10223,"1"
10228,"1"
10247,"1"
10249,"1"
10250,"1"
10287,"1"
10288,"1"
10298,"1"
10304,"1"
10312,"1"
10315,"1"
10322,"1"
10327,"1"
10342,"1"
10363,"1"
10376,"1"
10378,"1"
10382,"1"
10386,"1"
10404,"1"
10415,"1"
10429,"1"
10430,"1"
10438,"1"
10439,"1"
10441,"1"
10451,"1"
10452,"1"
10465,"1"
10478,"1"
10485,"1"
10494,"1"
10523,"1"
10530,"1"
10552,"1"
10566,"1"
10568,"1"
10588,"1"
10595,"1"
10599,"1"
10617,"1"
10619,"1"
10635,"1"
10643,"1"
10652,"1"
10670,"1"
10686,"1"
10690,"1"
10699,"1"
10705,"1"
10718,"1"
10720,"1"
10727,"1"
10728,"1"
10745,"1"
10746,"1"
10755,"1"
10762,"1"
10765,"1"
10784,"1"
10787,"1"
10804,"1"
10806,"1"
10822,"1"
10855,"1"
10856,"1"
10858,"1"
10859,"1"
10867,"1"
10886,"1"
10887,"1"
10890,"1"
10891,"1"
10922,"1"
10936,"1"
10941,"1"
10946,"1"
10947,"1"
10948,"1"
10952,"1"
10955,"1"
10980,"1"
10981,"1"
10983,"1"
10989,"1"
10993,"1"
10997,"1"
11006,"1"
11017,"1"
11030,"1"
11043,"1"
11045,"1"
11053,"1"
11054,"1"
11057,"1"
11066,"1"
11068,"1"
11084,"1"
11086,"1"
11096,"1"
11099,"1"
11100,"1"
11121,"1"
11134,"1"
11157,"1"
11169,"1"
11176,"1"
11177,"1"
11201,"1"
11219,"1"
11231,"1"
11236,"1"
11252,"1"
11253,"1"
11259,"0"
11266,"1"
11268,"1"
11269,"1"
11277,"1"
11279,"1"
11285,"1"
11321,"1"
11324,"1"
11325,"1"
11355,"1"
11360,"1"
11362,"1"
11363,"1"
11364,"1"
11365,"1"
11366,"1"
11385,"1"
11410,"1"
11412,"1"
11419,"1"
11422,"1"
11426,"1"
11447,"1"
11449,"1"
11451,"1"
11452,"1"
11457,"1"
11460,"1"
11484,"1"
11510,"1"
11511,"1"
11520,"1"
11545,"1"
11550,"1"
11558,"1"
11599,"1"
11603,"1"
11605,"1"
11610,"1"
11615,"1"
11623,"1"
11629,"1"
11639,"1"
11640,"1"
11652,"1"
11657,"1"
11658,"1"
11663,"1"
11664,"1"
11679,"1"
11694,"1"
11697,"1"
11706,"1"
11729,"1"
11739,"1"
11740,"1"
11743,"1"
11749,"1"
11750,"1"
11755,"1"
11759,"1"
11771,"1"
11775,"1"
11778,"1"
11799,"1"
11806,"1"
11812,"1"
11816,"1"
11829,"1"
11831,"1"
11841,"1"
11864,"1"
11880,"1"
11889,"1"
11913,"1"
11920,"1"
11921,"1"
11926,"1"
11929,"1"
11930,"1"
11936,"1"
11938,"1"
11942,"1"
11956,"1"
11977,"1"
11994,"1"
11995,"1"
11999,"1"
12000,"1"
12007,"1"
12010,"1"
12013,"1"
12015,"1"
12020,"1"
12033,"1"
12039,"1"
12060,"1"
12073,"1"
12077,"1"
12078,"1"
12082,"1"
12083,"1"
12087,"1"
12094,"1"
12098,"1"
12105,"1"
12124,"1"
12131,"1"
12132,"1"
12134,"1"
12137,"1"
12142,"1"
12158,"1"
12166,"1"
12173,"1"
12180,"1"
12198,"1"
12206,"1"
12221,"1"
12230,"1"
12233,"1"
12249,"1"
12261,"1"
12267,"1"
12275,"1"
12278,"1"
12294,"1"
12318,"1"
12323,"1"
12335,"1"
12359,"1"
12360,"1"
12361,"1"
12362,"1"
12374,"1"
12380,"1"
12381,"1"
12382,"1"
12389,"1"
12394,"1"
12401,"1"
12402,"1"
12415,"1"
12424,"1"
12439,"1"
12445,"1"
12446,"1"
12450,"1"
12453,"1"
12480,"1"
12486,"1"
12487,"1"
12493,"1"
12494,"1"
12505,"1"
12511,"1"
12515,"1"
12516,"1"
12525,"1"
12527,"1"
12528,"1"
12530,"1"
12535,"1"
12545,"1"
12556,"1"
12567,"1"
12570,"1"
12590,"1"
12592,"1"
12610,"1"
12617,"1"
12628,"1"
12632,"1"
12634,"1"
12650,"1"
12653,"1"
12673,"1"
12678,"1"
12688,"1"
12691,"1"
12697,"1"
12731,"1"
12749,"1"
12758,"1"
12799,"1"
12809,"1"
12821,"1"
12833,"1"
12837,"1"
12839,"1"
12857,"1"
12859,"1"
12870,"1"
12873,"1"
12874,"1"
12882,"1"
12886,"1"
12896,"1"
12904,"1"
12905,"1"
12919,"1"
12925,"1"
12932,"1"
12941,"1"
12942,"1"
12948,"1"
12952,"1"
12953,"1"
12958,"1"
12960,"1"
12965,"1"
12971,"1"
12973,"1"
12976,"1"
12980,"1"
12985,"1"
12999,"1"
13026,"1"
13033,"1"
13055,"1"
13071,"1"
13076,"1"
13084,"1"
13095,"1"
13136,"1"
13140,"1"
13141,"1"
13142,"1"
13147,"1"
13154,"1"
13158,"1"
13160,"1"
13180,"1"
13198,"1"
13208,"1"
13212,"1"
13226,"1"
13249,"1"
13252,"1"
13262,"1"
13276,"1"
13292,"1"
13314,"1"
13339,"1"
13341,"1"
13351,"1"
13356,"1"
13365,"1"
13372,"1"
13375,"1"
13376,"1"
13381,"1"
13389,"1"
13393,"1"
13394,"1"
13406,"1"
13417,"1"
13428,"1"
13434,"1"
13443,"1"
13446,"1"
13453,"1"
13455,"1"
13476,"1"
13492,"1"
13499,"1"
13506,"1"
13538,"1"
13542,"1"
13544,"1"
13548,"1"
13557,"1"
13563,"1"
13565,"1"
13576,"1"
13582,"1"
13584,"1"
13593,"1"
13597,"1"
13611,"1"
13638,"1"
13642,"1"
13662,"1"
13663,"1"
13685,"1"
13726,"1"
13735,"1"
13741,"1"
13751,"1"
13752,"1"
13759,"1"
13782,"1"
13794,"1"
13802,"1"
13825,"1"
13828,"1"
13865,"1"
13866,"1"
13880,"1"
13896,"1"
13900,"1"
13923,"1"
13925,"1"
13926,"1"
13932,"1"
13933,"1"
13935,"1"
13954,"1"
13960,"1"
13973,"1"
13985,"1"
13990,"1"
14004,"1"
14008,"1"
14014,"1"
14015,"1"
14016,"1"
14017,"1"
14025,"1"
14030,"1"
14038,"1"
14040,"1"
14069,"1"
14075,"1"
14079,"1"
14084,"1"
14095,"1"
14096,"1"
14097,"1"
14102,"1"
14113,"1"
14114,"1"
14115,"1"
14127,"1"
14143,"1"
14151,"1"
14152,"1"
14159,"1"
14162,"1"
14174,"1"
14176,"1"
14180,"1"
14189,"1"
14216,"1"
14250,"1"
14254,"1"
14264,"1"
14271,"1"
14276,"1"
14279,"1"
14284,"1"
14285,"1"
14293,"1"
14307,"1"
14345,"1"
14357,"1"
14358,"1"
14361,"1"
14362,"1"
14372,"1"
14375,"1"
14383,"1"
14384,"1"
14385,"1"
14388,"1"
14395,"1"
14402,"1"
14409,"1"
14421,"1"
14424,"1"
14484,"1"
14509,"1"
14510,"1"
14517,"1"
14531,"1"
14541,"1"
14542,"1"
14552,"1"
14561,"1"
14564,"1"
14572,"1"
14577,"1"
14590,"1"
14595,"1"
14603,"1"
14658,"1"
14659,"1"
14661,"1"
14672,"1"
14683,"1"
14713,"1"
14717,"1"
14723,"1"
14726,"1"
14727,"1"
14744,"1"
14745,"1"
14759,"1"
14765,"1"
14766,"1"
14773,"1"
14774,"1"
14783,"1"
14784,"1"
14801,"1"
14811,"1"
14813,"1"
14818,"1"
14829,"1"
14841,"1"
14845,"1"
14847,"1"
14851,"1"
14854,"1"
14877,"1"
14897,"1"
14913,"1"
14917,"1"
14933,"1"
14945,"1"
14975,"1"
14996,"1"
15000,"1"
15006,"1"
15011,"1"
15015,"1"
15036,"1"
15051,"1"
15052,"1"
15055,"1"
15056,"1"
15067,"1"
15095,"1"
15100,"1"
15101,"1"
15109,"1"
15132,"1"
15147,"1"
15173,"1"
15184,"1"
15185,"1"
15190,"1"
15192,"1"
15194,"1"
15196,"1"
15200,"1"
15203,"1"
15211,"1"
15212,"1"
15218,"1"
15221,"1"
15232,"1"
15239,"1"
15267,"1"
15272,"1"
15293,"1"
15299,"1"
15306,"1"
15313,"1"
15314,"1"
15334,"1"
15339,"1"
15340,"1"
15341,"1"
15347,"1"
15349,"1"
15351,"1"
15353,"1"
15354,"1"
15367,"1"
15374,"1"
15377,"1"
15378,"1"
15379,"1"
15380,"1"
15392,"1"
15399,"1"
15400,"1"
15419,"1"
15430,"1"
15453,"1"
15459,"1"
15484,"1"
15485,"1"
15499,"1"
15512,"1"
15536,"1"
15547,"1"
15553,"1"
15554,"1"
15568,"1"
15576,"1"
15583,"1"
15585,"1"
15610,"1"
15621,"1"
15623,"1"
15647,"1"
15652,"1"
15653,"1"
15661,"1"
15665,"1"
15674,"1"
15676,"1"
15677,"1"
15684,"1"
15697,"1"
15701,"1"
15709,"1"
15712,"1"
15719,"1"
15721,"1"
15735,"1"
15739,"1"
15754,"1"
15755,"1"
15758,"1"
15760,"1"
15773,"1"
15791,"1"
15798,"1"
15812,"1"
15822,"1"
15836,"1"
15842,"1"
15844,"0"
15853,"1"
15856,"1"
15860,"1"
15867,"1"
15887,"1"
15903,"1"
15904,"1"
15940,"1"
15942,"1"
15943,"1"
15958,"1"
15967,"1"
15974,"1"
15981,"1"
16000,"1"
16004,"1"
16022,"1"
16044,"1"
16047,"1"
16056,"1"
16060,"1"
16061,"1"
16077,"1"
16095,"1"
16100,"1"
16109,"1"
16112,"1"
16129,"1"
16133,"1"
16136,"1"
16163,"1"
16167,"1"
16179,"1"
16180,"1"
16198,"1"
16206,"1"
16211,"1"
16222,"1"
16245,"1"
16255,"1"
16284,"1"
16288,"1"
16293,"1"
16295,"1"
16318,"1"
16323,"1"
16324,"1"
16327,"1"
16328,"1"
16332,"1"
16344,"1"
16348,"1"
16349,"1"
16357,"1"
16371,"1"
16379,"1"
16386,"1"
16389,"1"
16396,"1"
16402,"1"
16405,"1"
16428,"1"
16432,"1"
16436,"1"
16440,"1"
16452,"1"
16470,"1"
16479,"1"
16480,"1"
16481,"1"
16490,"1"
16491,"1"
16495,"1"
16510,"1"
16511,"1"
16513,"1"
16520,"1"
16539,"1"
16543,"1"
16548,"1"
16550,"1"
16551,"1"
16561,"1"
16568,"1"
16574,"1"
16585,"1"
16591,"1"
16593,"1"
16598,"1"
16600,"1"
16608,"1"
16622,"1"
16623,"1"
16627,"1"
16634,"1"
16644,"1"
16647,"1"
16656,"1"
16661,"1"
16677,"1"
16682,"1"
16704,"1"
16706,"1"
16710,"1"
16711,"1"
16714,"1"
16719,"1"
16737,"1"
16743,"1"
16768,"1"
16781,"1"
16788,"1"
16791,"1"
16795,"1"
16796,"1"
16798,"1"
16813,"1"
16816,"1"
16820,"1"
16824,"1"
16836,"1"
16839,"1"
16852,"1"
16875,"1"
16884,"1"
16896,"1"
16898,"1"
16902,"1"
16906,"1"
16915,"1"
16917,"1"
16932,"1"
16942,"1"
16948,"1"
16963,"1"
16965,"1"
16972,"1"
16977,"1"
16980,"1"
16984,"1"
16988,"1"
16990,"1"
17010,"1"
17013,"1"
17024,"1"
17030,"1"
17040,"1"
17054,"1"
17056,"1"
17079,"1"
17133,"1"
17162,"1"
17201,"1"
17221,"1"
17234,"1"
17274,"1"
17290,"1"
17292,"1"
17325,"1"
17326,"1"
17328,"1"
17343,"1"
17349,"1"
17354,"1"
17373,"1"
17393,"1"
17400,"1"
17418,"1"
17455,"1"
17460,"1"
17467,"1"
17500,"1"
17504,"1"
17509,"1"
17530,"1"
17534,"1"
17593,"1"
17602,"1"
17633,"1"
17656,"1"
17661,"1"
17671,"1"
17679,"1"
17683,"1"
17705,"1"
17719,"1"
17723,"1"
17724,"1"
17731,"1"
17732,"1"
17747,"1"
17765,"1"
17794,"1"
17799,"1"
17807,"1"
17823,"1"
17834,"1"
17898,"1"
17913,"1"
17915,"1"
17931,"1"
17936,"1"
17973,"1"
18002,"1"
18007,"1"
18008,"1"
18024,"1"
18064,"1"
18069,"1"
18157,"1"
18190,"1"
18203,"1"
18206,"1"
18208,"1"
18211,"1"
18271,"1"
18273,"1"
18284,"1"
18285,"1"
18289,"1"
18291,"1"
18314,"1"
18338,"1"
18368,"1"
18375,"1"
18385,"1"
18389,"1"
18407,"1"
18410,"1"
18432,"1"
18434,"1"
18450,"1"
18453,"1"
18529,"1"
18536,"1"
18565,"1"
18575,"1"
18582,"1"
18615,"1"
18616,"1"
18646,"1"
18667,"1"
18688,"1"
18711,"1"
18719,"1"
18728,"1"
18754,"1"
18760,"1"
18769,"1"
18782,"1"
18814,"1"
18817,"1"
18821,"1"
18841,"1"
18842,"1"
18865,"1"
18888,"1"
18931,"1"
18955,"1"
18956,"1"
18996,"1"
18997,"1"
18999,"1"
19004,"1"
19005,"1"
19010,"1"
19027,"1"
19043,"1"
19070,"1"
19075,"1"
19077,"1"
19101,"1"
19103,"1"
19117,"1"
19128,"1"
19159,"1"
19179,"1"
19211,"1"
19265,"1"
19275,"1"
19349,"1"
19382,"1"
19384,"1"
19394,"1"
19399,"1"
19403,"1"
19424,"1"
19430,"1"
19473,"1"
19487,"1"
19499,"1"
19522,"1"
19523,"1"
19577,"1"
19605,"1"
19644,"1"
19682,"1"
19688,"1"
19690,"1"
19698,"1"
19708,"1"
19711,"1"
19751,"1"
19768,"1"
19800,"1"
19804,"1"
19839,"1"
19849,"1"
19851,"1"
19852,"1"
19871,"1"
19872,"1"
19883,"1"
19891,"1"
19917,"1"
19973,"1"
19985,"1"
19990,"1"
19994,"1"
20018,"1"
20020,"1"
20026,"1"
20032,"1"
20040,"1"
20043,"1"
20072,"1"
20092,"1"
20099,"1"
20132,"1"
20143,"1"
20145,"1"
20160,"1"
20247,"1"
20274,"1"
20275,"1"
20292,"1"
20297,"1"
20304,"1"
20306,"1"
20320,"1"
20322,"1"
20412,"1"
20433,"1"
20471,"1"
20489,"1"
20493,"1"
20494,"1"
20495,"1"
20519,"1"
20526,"1"
20544,"1"
20549,"1"
20575,"1"
20596,"1"
20619,"1"
20624,"1"
20691,"1"
20698,"1"
20721,"1"
20726,"1"
20769,"1"
20771,"1"
20777,"1"
20791,"1"
20811,"1"
20821,"1"
20862,"1"
20917,"1"
20918,"1"
20966,"1"
20972,"1"
20978,"1"
20991,"1"
21008,"1"
21012,"1"
21031,"1"
21032,"1"
21061,"1"
21080,"1"
21090,"1"
21094,"1"
21115,"1"
21122,"1"
21128,"1"
21151,"1"
21165,"1"
21179,"1"
21182,"1"
21188,"1"
21194,"1"
21215,"1"
21249,"1"
21252,"1"
21266,"1"
21267,"1"
21275,"1"
21276,"1"
21328,"1"
21337,"1"
21358,"1"
21367,"1"
21396,"1"
21397,"1"
21417,"1"
21424,"1"
21425,"1"
21428,"1"
21451,"1"
21501,"1"
21503,"1"
21535,"1"
21547,"1"
21577,"1"
21601,"1"
21612,"1"
21629,"1"
21659,"1"
21665,"1"
21667,"1"
21671,"1"
21672,"1"
21719,"1"
21725,"1"
21727,"1"
21734,"1"
21742,"1"
21760,"1"
21807,"1"
21813,"1"
21814,"1"
21836,"1"
21838,"1"
21840,"1"
21847,"1"
21848,"1"
21850,"1"
21852,"1"
21856,"1"
21885,"1"
21892,"1"
21900,"1"
21909,"1"
21925,"1"
21929,"1"
21938,"1"
21966,"1"
21974,"1"
21980,"1"
21983,"1"
21998,"1"
22011,"1"
22045,"1"
22068,"1"
22077,"1"
22128,"1"
22137,"1"
22148,"1"
22167,"1"
22170,"1"
22221,"1"
22252,"1"
22258,"1"
22287,"1"
22300,"1"
22318,"1"
22323,"1"
22330,"1"
22347,"1"
22366,"1"
22382,"1"
22384,"1"
22387,"1"
22402,"1"
22415,"1"
22423,"1"
22435,"1"
22444,"1"
22490,"1"
22501,"1"
22508,"1"
22525,"1"
22530,"1"
22549,"1"
22582,"1"
22599,"1"
22615,"1"
22616,"1"
22617,"1"
22618,"1"
22627,"1"
22655,"1"
22662,"1"
22665,"1"
22670,"1"
22696,"1"
22727,"1"
22757,"1"
22767,"1"
22768,"1"
22782,"1"
22787,"1"
22789,"1"
22810,"1"
22820,"1"
22827,"1"
22832,"1"
22840,"1"
22858,"1"
22867,"1"
22931,"1"
22938,"1"
22939,"1"
22942,"1"
22958,"1"
22965,"1"
22986,"1"
22989,"1"
22993,"1"
22999,"1"
23008,"1"
23017,"1"
23026,"1"
23028,"1"
23053,"1"
23093,"1"
23106,"1"
23152,"1"
23157,"1"
23180,"1"
23181,"1"
23193,"1"
23244,"1"
23246,"1"
23250,"1"
23287,"1"
23292,"1"
23304,"1"
23332,"1"
23341,"1"
23345,"1"
23373,"1"
23374,"1"
23384,"1"
23395,"1"
23398,"1"
23460,"1"
23476,"1"
23484,"1"
23488,"1"
23494,"1"
23495,"1"
23527,"1"
23530,"1"
23532,"1"
23541,"1"
23582,"1"
23588,"1"
23613,"1"
23637,"1"
23642,"1"
23667,"1"
23669,"1"
23676,"1"
23691,"1"
23702,"1"
23721,"1"
23744,"1"
23754,"1"
23755,"1"
23785,"1"
23804,"1"
23806,"1"
23807,"1"
23859,"1"
23860,"1"
23866,"1"
23900,"1"
23929,"1"
23944,"1"
23977,"1"
23982,"1"
23983,"1"
24001,"1"
24029,"1"
24080,"1"
24100,"1"
24122,"1"
24124,"1"
24127,"1"
24164,"1"
24173,"1"
24200,"1"
24211,"1"
24219,"1"
24220,"1"
24227,"1"
24248,"1"
24249,"1"
24250,"1"
24252,"1"
24261,"1"
24267,"1"
24273,"1"
24289,"1"
24338,"1"
24359,"1"
24381,"1"
24389,"1"
24424,"1"
24429,"1"
24443,"1"
24456,"1"
24466,"1"
24474,"1"
24494,"1"
24495,"1"
24540,"1"
24544,"1"
24564,"1"
24579,"1"
24580,"1"
24602,"1"
24608,"1"
24631,"1"
24644,"1"
24675,"1"
24701,"1"
24733,"1"
24752,"1"
24764,"1"
24765,"1"
24769,"1"
24784,"1"
24785,"1"
24800,"1"
24812,"1"
24852,"1"
24869,"1"
24870,"1"
24902,"1"
24907,"1"
24930,"1"
24938,"1"
24953,"1"
24957,"1"
24959,"1"
24971,"1"
24982,"1"
24987,"1"
24996,"1"
25010,"1"
25046,"1"
25064,"1"
25069,"1"
25075,"1"
25080,"1"
25085,"1"
25093,"1"
25099,"1"
25112,"1"
25136,"1"
25179,"1"
25192,"1"
25202,"1"
25210,"1"
25217,"1"
25221,"1"
25263,"1"
25325,"1"
25328,"1"
25371,"1"
25393,"1"
25401,"1"
25425,"1"
25460,"1"
25480,"1"
25485,"1"
25503,"1"
25504,"1"
25508,"1"
25513,"1"
25520,"1"
25532,"1"
25535,"1"
25537,"1"
25541,"1"
25554,"1"
25567,"1"
25574,"1"
25609,"1"
25638,"1"
25672,"1"
25674,"1"
25695,"1"
25734,"1"
25753,"1"
25766,"1"
25769,"1"
25786,"1"
25801,"1"
25826,"1"
25851,"1"
25860,"1"
25869,"1"
25881,"1"
25892,"1"
25927,"1"
25930,"1"
25933,"1"
25950,"1"
25968,"1"
25977,"1"
25999,"1"
26016,"1"
26019,"1"
26033,"1"
26050,"1"
26058,"1"
26086,"1"
